Tomato,Vegetable,Farm Fresh Foods,"Calories: 18 Carbs: 4g Fiber: 1g",150,2
Lettuce,Leafy Green,Green Fields Farm,"Calories: 5 Carbs: 1g Fiber: 0.5g",200,1
Apple,Fruit,Orchard Delights,"Calories: 95 Carbs: 25g Fiber: 4g",100,3
Carrot,Root Vegetable,Harvest Haven,"Calories: 41 Carbs: 10g Fiber: 2g",120,1.5
Broccoli,Brassica,Fresh Farms,"Calories: 55 Carbs: 11g Fiber: 5g",80,2.5
Strawberry,Berry,Sweet Berries Co.,"Calories: 4 Carbs: 1g Fiber: 0.5g",180,4
Potato,Tuber,Golden Harvest,"Calories: 130 Carbs: 30g Fiber: 3g",90,1.8
Spinach,Leafy Green,Nature's Greens,"Calories: 7 Carbs: 1g Fiber: 0.7g",220,1.2
Orange,Citrus,Fruit Paradise,"Calories: 62 Carbs: 15g Fiber: 3g",150,2.2
Cucumber,Gourd,Fresh Picks Co.,"Calories: 16 Carbs: 4g Fiber: 1g",120,1.2
Grapes,Berry,Harvest Vineyards,"Calories: 69 Carbs: 18g Fiber: 1g",100,3.5
Cabbage,Brassica,Farm Fresh Foods,"Calories: 22 Carbs: 5g Fiber: 2g",80,1.3
Mango,Fruit,Tropical Treats,"Calories: 60 Carbs: 15g Fiber: 3g",130,2.8
Onion,Bulb Vegetable,Golden Harvest,"Calories: 44 Carbs: 10g Fiber: 2g",110,1
Blueberry,Berry,Sweet Berries Co.,"Calories: 29 Carbs: 7g Fiber: 2g",160,3.2
Cauliflower,Brassica,Fresh Farms,"Calories: 25 Carbs: 5g Fiber: 2g",90,2.1
Peach,Fruit,Orchard Delights,"Calories: 59 Carbs: 15g Fiber: 2g",120,2.5
Zucchini,Gourd,Green Fields Farm,"Calories: 17 Carbs: 3g Fiber: 1g",110,1.5
Cherry,Berry,Harvest Vineyards,"Calories: 50 Carbs: 12g Fiber: 2g",140,3
Bell Pepper,Vegetable,Nature's Greens,"Calories: 25 Carbs: 6g Fiber: 2g",100,2
Watermelon,Melon,Fruit Paradise,"Calories: 30 Carbs: 8g Fiber: 1g",180,2.5
Cantaloupe,Melon,Tropical Treats,"Calories: 50 Carbs: 12g Fiber: 2g",130,2.8
Radish,Root Vegetable,Harvest Haven,"Calories: 19 Carbs: 4g Fiber: 2g",150,1.5
Pineapple,Tropical,Fruit Paradise,"Calories: 50 Carbs: 13g Fiber: 1g",120,3
Kale,Leafy Green,Nature's Greens,"Calories: 33 Carbs: 6g Fiber: 2g",90,1.7
Cranberry,Berry,Sweet Berries Co.,"Calories: 46 Carbs: 12g Fiber: 2g",120,3.3
Garlic,Bulb Vegetable,Golden Harvest,"Calories: 42 Carbs: 9g Fiber: 1g",110,1.2
Asparagus,Stalk Vegetable,Fresh Picks Co.,"Calories: 20 Carbs: 4g Fiber: 2g",80,2.2
