Seedling,Young tomato plants,10Jan23,28Feb23,Transplanting,Moving tomato plants to a larger space,01Mar23,15Mar23,Flowering,Tomato plants blossoming,20Mar23,05Apr23
Germination,Lettuce seeds sprouting,15Feb23,05Mar23,Transplanting,Moving lettuce seedlings to the field,10Mar23,25Mar23,Growth,Developing lettuce leaves,01Apr23,15Apr23
Flowering,Apple tree blossoms,01Apr23,15Apr23,FruitSetting,Formation of young apples,20Apr23,05May23,Harvesting,Collecting mature apples,01Sep23,15Sep23
Growth,Carrot roots developing,20Mar23,10Apr23,Harvesting,Collecting mature carrots,01May23,15May23
Germination,Broccoli seeds sprouting,01Jun23,15Jun23,Fruiting,Formation of broccoli heads,20Jun23,05Jul23,Harvesting,Collecting mature broccoli,10Jul23,25Jul23
Flowering,Strawberry plants blossoming,01Aug23,15Aug23,Fruiting,Formation of strawberries,20Aug23,05Sep23,Harvesting,Collecting ripe strawberries,10Sep23,25Sep23
Growth,Potato tubers maturing,15Apr23,01May23,Harvesting,Collecting mature potatoes,10May23,25May23
Germination,Spinach seeds sprouting,01Jun23,15Jun23,Harvesting,Collecting mature spinach,01Jul23,15Jul23
Flowering,Orange trees blossoming,01Aug23,15Aug23,Fruiting,Formation of oranges,20Aug23,05Sep23,Harvesting,Collecting ripe oranges,10Sep23,25Sep23
Growth,Cucumber fruits developing,20Jun23,05Jul23,Harvesting,Collecting mature cucumbers,10Jul23,25Jul23
Flowering,Grapevines blossoming,01Sep23,15Sep23,Fruiting,Formation of grape clusters,20Sep23,05Oct23,Harvesting,Collecting ripe grapes,10Oct23,25Oct23
Germination,Cabbage seeds sprouting,01Jun23,15Jun23,Harvesting,Collecting mature cabbages,01Jul23,15Jul23
Flowering,Mango trees blossoming,01Nov23,15Nov23,Fruiting,Formation of mango fruits,20Nov23,05Dec23,Harvesting,Collecting ripe mangoes,10Dec23,25Dec23
Growth,Onion bulbs maturing,05Aug23,20Aug23,Harvesting,Collecting mature onions,01Sep23,15Sep23
Flowering,Blueberry bushes blossoming,01Dec23,15Dec23,Fruiting,Formation of blueberries,20Dec23,05Jan24,Harvesting,Collecting ripe blueberries,10Jan24,25Jan24
Harvesting,Collecting mature cauliflower,15Jan24,30Jan24
Flowering,Peach trees blossoming,01Feb24,15Feb24,Fruiting,Formation of peaches,20Feb24,05Mar24,Harvesting,Collecting ripe peaches,10Mar24,25Mar24
Growth,Zucchini fruits developing,10Mar24,25Mar24,Harvesting,Collecting mature zucchinis,01Apr24,15Apr24
Fruiting,Collecting ripe cherries,01May24,15May24,Harvesting,Collecting mature cherries,01Jun24,15Jun24
Growth,Bell pepper fruits developing,20Jun24,05Jul24
